id_comportamientos,rasgo_temperamento,especie,manejo_recomendado
1,Sociabilidad / Amistoso,Perro,"En hoteles o guarderías, permitir interacción controlada con otros perros y humanos. En clínica o estética, usar caricias suaves y reforzar conductas calmadas."
2,Excitabilidad / Alta Energía,Perro,"Necesita ejercicio físico frecuente y juegos para liberar energía. En clínica o estética, reducir esperas largas y proporcionar distracciones como juguetes resistentes."
3,Miedoso / Ansioso,Perro,"Evitar manipulación brusca y entornos ruidosos. En clínicas, usar espacios tranquilos y permitir la presencia del dueño si es posible. En hoteles, ofrecer refugios seguros."
4,Agresividad,Perro,"Debe manejarse con firmeza, evitando confrontaciones. En clínica o estética, utilizar bozales de seguridad y personal capacitado para manipulación."
5,Dominancia / Seguridad,Perro,"Requiere rutinas claras y un dueño con liderazgo calmado. En hotel, mantener horarios estables de comida y paseo. En clínica, anticipar movimientos con calma."
6,Curiosidad / Exploración,Perro,"Proporcionar paseos variados y juguetes de estimulación mental. En clínicas, permitir exploración limitada del entorno antes de manipular."
7,Capacidad de entrenamiento / Obediencia,Perro,"Entrenamiento constante con refuerzo positivo. En clínica o estética, facilitar manejo enseñando comandos básicos como 'quieto' o 'sentado'."
8,Tolerancia / Sensibilidad al tacto,Perro,"Respetar límites en caricias y manipulación. En estética, realizar cepillado progresivo y pausas si se muestra incómodo."
9,Persecución / Instinto de presa,Perro,"Mantener bajo control en paseos y en hoteles, evitar contacto con animales pequeños. Usar juegos de caza controlada para liberar instinto."
10,Vigilancia / Alerta,Perro,"Puede ser un buen guardián, pero requiere control de ladridos. En hoteles, mantenerlo en áreas seguras para evitar sobreestimulación."
11,Apego al dueño / Búsqueda de atención,Perro,"En ausencia del dueño, ofrecer juguetes interactivos y atención del personal. En estética, usar premios y contacto humano para tranquilizarlo."
12,Reactividad general,Perro,"Evitar estímulos excesivos y mantener rutinas estables. En clínica, usar feromonas o técnicas calmantes."
13,Reservado / Distante / Independiente,Perro,"No forzar socialización. En hoteles, ofrecer espacios privados. En clínica, mantener contacto mínimo y directo solo cuando sea necesario."
14,Impaciencia / Baja tolerancia,Perro,"Manipular de manera breve y eficiente. En estética, realizar procedimientos en sesiones cortas. En casa, juegos o entrenamientos de pocos minutos."
15,Persistencia / Tenacidad,Perro,"Ideal para deportes caninos o tareas de trabajo. En hoteles, ofrecer juegos de inteligencia. En clínica, mantenerlo ocupado con distracciones."
16,Inseguridad / Inestabilidad emocional,Perro,"Ofrecer un ambiente seguro, con refuerzo positivo para generar confianza. En clínicas, manipular con calma y dar pausas. En hoteles, mantener un cuidador de referencia."
17,Sociabilidad hacia extraños vs familiares,Perro,"Presentar nuevas personas gradualmente. En hoteles, permitir interacción controlada con el personal. En clínica, permitir que se acerque al veterinario con calma."
18,Comportamientos relacionados con separación,Perro,"Preparar al perro para ausencias con rutinas de enriquecimiento ambiental. En hoteles, mantener horarios parecidos a los de casa. En clínica, minimizar tiempo lejos del dueño."
19,Ruido / Sensibilidad auditiva,Perro,"Mantenerlo lejos de ruidos fuertes (pólvora, tráfico). En clínicas, colocar en áreas silenciosas. En hoteles, ofrecer habitaciones aisladas del bullicio."
20,Sociabilidad / Amistoso,Gato,"Permitir interacción frecuente con personas, caricias suaves, juegos y estímulos sociales. En un hotel o estética, dejar que explore el lugar con calma para generar confianza."
21,Excitabilidad / Alta Energía,Gato,"Brindar sesiones de juego con juguetes interactivos (cañas, láser, pelotas). En clínica o estética, usar técnicas de distracción con juguetes o snacks para reducir estrés."
22,Miedoso / Ansioso,Gato,"Evitar ruidos fuertes, movimientos bruscos y exceso de manipulación. Ofrecer escondites (cajas, mantas) en hospital u hotel. Hablar con tono calmado y permitir que el gato se acerque por sí mismo."
23,Agresividad,Gato,"No forzar contacto, usar guantes protectores o toallas para manipulación en clínica. Mantener separación de otros animales y permitir espacios de aislamiento."
24,Dominancia / Seguridad,Gato,"Establecer rutinas claras (horarios de comida, espacios definidos). En estética o veterinaria, permitir que explore un poco el lugar antes de manipularlo."
25,Curiosidad / Exploración,Gato,"Proporcionar rascadores, túneles o lugares altos. En hotel o clínica, ofrecer estímulos seguros que reduzcan el aburrimiento y permitan explorar gradualmente."
26,Capacidad de entrenamiento / Obediencia,Gato,"Utilizar refuerzo positivo con premios y clicker. En clínica, facilitar exámenes enseñando previamente a tolerar la manipulación de patas, boca o cuerpo."
27,Tolerancia / Sensibilidad al tacto,Gato,"Respetar señales (cola, orejas, bufidos). En estética, manipular suavemente y dar pausas frecuentes. Evitar caricias en zonas que no tolere (panza, cola)."
28,Persecución / Instinto de presa,Gato,Canalizar con juguetes de caza. Evitar dejarlo con aves pequeñas u otros animales vulnerables en hotel o clínica.
29,Vigilancia / Alerta,Gato,"Introducir gradualmente a nuevos entornos. En clínica u hospital, mantenerlo en transportadora hasta estar en un espacio controlado."
30,Apego al dueño / Búsqueda de atención,Gato,"Proporcionar compañía y contacto frecuente. En ausencia del dueño (hotel o clínica), compensar con juguetes y enriquecimiento ambiental."
31,Reactividad general,Gato,"Mantener rutinas estables, reducir estímulos intensos. En clínica, usar feromonas sintéticas (Feliway) para disminuir reactividad."
32,Reservado / Distante / Independiente,Gato,"No forzar interacción. En hotel, dar espacios altos o escondidos donde pueda descansar sin molestias."
33,Impaciencia / Baja tolerancia,Gato,Manipulación breve y eficiente en estética o clínica. Sesiones cortas de juego o cepillado en casa.
34,Persistencia / Tenacidad,Gato,"Ofrecer retos mentales (puzzles, juegos de comida). En hospital, mantener ocupación para reducir estrés por encierro."
35,Inseguridad / Inestabilidad emocional,Gato,"Evitar cambios bruscos en entorno. En estética, trabajar con paciencia y permitir pausas para que se tranquilice."
36,Sociabilidad hacia extraños vs familiares,Gato,"Presentar nuevas personas de forma gradual. En hotel, dejar que se acerque cuando esté listo en vez de forzar contacto."
37,Comportamientos relacionados con separación,Gato,"Preparar enriquecimiento ambiental antes de dejarlo solo (juguetes con comida, lugares altos). En hoteles, mantener rutinas parecidas a las de casa."
38,Ruido / Sensibilidad auditiva,Gato,"Mantener un ambiente tranquilo, lejos de ruidos fuertes. En clínica u hospital, colocar en un espacio aislado del bullicio."
39,Sociabilidad / Amistoso,Ave,"Aves sociales (pericos, canarios) necesitan compañía, interacción con humanos o con otras aves. En hoteles, mantenerlas en jaulas cerca de otras aves para evitar soledad."
40,Excitabilidad / Alta Energía,Ave,"Ofrecer tiempo de vuelo controlado (en casa o aviario seguro). En clínica, manipular con movimientos suaves y rápidos para evitar estrés."
41,Miedoso / Ansioso,Ave,"Evitar ruidos fuertes y movimientos bruscos. En clínica, cubrir la jaula con una manta ligera para dar seguridad."
42,Agresividad (picoteo),Ave,"No manipular sin entrenamiento previo. Usar guantes suaves en clínica. En hoteles, mantenerlas separadas de aves con temperamentos distintos."
43,Dominancia / Territorialidad,Ave,Respetar su espacio (jaula/nido). No introducir aves nuevas de golpe en la misma jaula.
44,Curiosidad / Exploración,Ave,"Proveer juguetes de madera, campanas o ramas naturales. En hoteles, enriquecer jaulas con columpios y perchas."
45,Capacidad de entrenamiento / Obediencia,Ave,"Entrenar con refuerzo positivo (premios, semillas). En clínica, facilitar revisiones enseñando a subirse a la mano o palo."
46,Sensibilidad al tacto,Ave,"Muchas aves no disfrutan caricias. En estética (baño o corte de plumas), manipular con toallas suaves para inmovilizar sin lastimar."
47,Ruido / Sensibilidad auditiva,Ave,"Evitar ambientes con ladridos o tráfico. En hoteles, mantenerlas en áreas tranquilas y con luz natural."
48,Apego al dueño,Ave,"Algunas aves desarrollan lazos fuertes (loros, pericos). En ausencia, se recomienda enriquecimiento (juguetes, espejos)."
49,Docilidad / Amistoso,Reptil,"Muchos reptiles no buscan contacto humano, pero toleran manipulación breve. En clínicas, manipular solo lo necesario para evitar estrés."
50,Inactividad / Baja energía,Reptil,"Pasan mucho tiempo quietos (ej. tortugas). En hoteles, asegurar espacio limpio y temperatura adecuada más que interacción."
51,Miedoso / Ansioso (defensivo),Reptil,"Reptiles pueden retraerse, bufar o agitar la cola. Evitar manipulación excesiva. En clínica, manipular en superficies seguras y cálidas."
52,Agresividad (mordida o coletazo),Reptil,Usar guantes de seguridad si es necesario. Nunca forzar contacto. Mantener en terrarios separados en hoteles.
53,Curiosidad / Exploración,Reptil,"Reptiles suelen explorar su entorno lentamente. En casa y hoteles, ofrecer troncos, cuevas y espacios donde esconderse."
54,Tolerancia al tacto,Reptil,"Poca tolerancia. Evitar manipulación innecesaria en estética (baños, limpieza). En clínicas, manipular con firmeza pero suavidad."
55,Dependencia ambiental,Reptil,"Su bienestar depende de temperatura, humedad y luz. En hoteles y clínicas, asegurar terrarios con parámetros adecuados."
56,Reactividad al ruido y movimiento,Reptil,"No perciben sonidos como mamíferos, pero reaccionan a vibraciones. Mantener en lugares tranquilos sin sobresaltos."
56,Apego al dueño,Reptil,"No desarrollan apego emocional como perros o gatos. En hoteles, se recomienda más control ambiental que interacción humana."
